{
  "totalDistance": 12058.101504930266,
  "segmentDistances": [
    944.9386846429143,
    2700.073054071252,
    3581.467987385021,
    1176.3079401386015,
    1675.1273684958603,
    1980.1864701966172
  ]
}